Model,MAPE,MAE,r2
KNN,0.0812532038114837,750.3191400124967,0.841909027087135
