Model,MAPE (%),MAE (MW),r2,MSE (MW Squared),RMSE (MW)
LR,6.858441545069037,0.5747336024557543,0.8315316672214723,0.5538197632116345,0.7441906766492271
