Model,MAPE (%),MAE (MW),r2,MSE (MW Squared),RMSE (MW)
LR,7.880935902714284,0.298281928436997,0.8479688237044255,0.1291744798799967,0.3594085139225234
