Model,MAPE (%),MAE (MW),r2,MSE (MW Squared),RMSE (MW)
LR,4.741039322235725,0.17659805572048912,0.8944064582794865,0.052933886730674236,0.23007365501220306
