Model,MAPE (%),MAE (kW),r2
KNN,8.542482195422654,822.3764856898355,0.7824760227516814
