Model,MAPE (%),MAE (MW),r2,MSE (MW Squared),RMSE (MW)
LR,6.16699046255788,1.029035506540709,0.879370647765646,1.6251015209350408,1.2747946975631177
