Model,MAPE (%),MAE (MW),r2,MSE (MW Squared),RMSE (MW)
LR,6.863092691046679,0.5754301786754166,0.8306770564630932,0.5566291952279543,0.7460758642577537
