Model,MAPE (%),MAE (MW),r2,MSE (MW Squared),RMSE (MW)
LR,10.037701598511992,2.477745775899007,0.7769257164013467,10.194837331389088,3.192935535113274
